[
  {
    "email": "user0@1secmail.com",
    "wallet": "0x17c636432e065b1717e164d168b13c0601bab039",
    "cookie": "session_galxe_0_356303"
  },
  {
    "email": "user1@1secmail.com",
    "wallet": "0xcba8ab0da2b494cc7a6682a6a141c6db78639864",
    "cookie": "session_galxe_1_385591"
  },
  {
    "email": "user2@1secmail.com",
    "wallet": "0x218f87b765a1a39cf7e6b224c6898494c34fcc28",
    "cookie": "session_galxe_2_674102"
  },
  {
    "email": "user3@1secmail.com",
    "wallet": "0x8affa57875835d9228850068df5b538623939a71",
    "cookie": "session_galxe_3_583426"
  },
  {
    "email": "user4@1secmail.com",
    "wallet": "0xeb6b086aa5f3fac5931d29a5cb5f5f279d886b50",
    "cookie": "session_galxe_4_713420"
  },
  {
    "email": "user5@1secmail.com",
    "wallet": "0x40ecf2ec59218a1caa0f5f64be5080e66faeffab",
    "cookie": "session_galxe_5_161841"
  },
  {
    "email": "user6@1secmail.com",
    "wallet": "0xa7f4ef6cc34e39b82d78c60c32f89187e70432e1",
    "cookie": "session_galxe_6_325162"
  },
  {
    "email": "user7@1secmail.com",
    "wallet": "0x325debcf3698e9250fef0995057fca3ee8a676fa",
    "cookie": "session_galxe_7_256515"
  },
  {
    "email": "user8@1secmail.com",
    "wallet": "0xe98ba9bc47fcd6a8ca111127506cf5ef8d96d6e8",
    "cookie": "session_galxe_8_339631"
  },
  {
    "email": "user9@1secmail.com",
    "wallet": "0x9970ead07a5cafaf158892fd8def3e32217df7ec",
    "cookie": "session_galxe_9_335609"
  },
  {
    "email": "user10@1secmail.com",
    "wallet": "0x6efa864e4c8c98cbe3238a8a9ec762088699ca5e",
    "cookie": "session_galxe_10_858864"
  },
  {
    "email": "user11@1secmail.com",
    "wallet": "0x16ff27030275be6415ebcfb7c82800022d447793",
    "cookie": "session_galxe_11_351972"
  },
  {
    "email": "user12@1secmail.com",
    "wallet": "0x18ccdf78427cbdbe66fad479b6b4f4af4546cbce",
    "cookie": "session_galxe_12_277077"
  },
  {
    "email": "user13@1secmail.com",
    "wallet": "0x2626aa93955e09f24bc922e9c505efa0dcfe439a",
    "cookie": "session_galxe_13_640893"
  },
  {
    "email": "user14@1secmail.com",
    "wallet": "0xc5274bcf4dfe1d6e26cc79a2288bc8f433914fce",
    "cookie": "session_galxe_14_296972"
  },
  {
    "email": "user15@1secmail.com",
    "wallet": "0x65ddf0cb48f2e12940e364187f716b1d90181dd5",
    "cookie": "session_galxe_15_145459"
  },
  {
    "email": "user16@1secmail.com",
    "wallet": "0x8e319f7542c4a0b425132ef8276dfda0a7ac0d2b",
    "cookie": "session_galxe_16_833328"
  },
  {
    "email": "user17@1secmail.com",
    "wallet": "0xbfd3f357c6a0dc8af7798b063f37f6cd12286757",
    "cookie": "session_galxe_17_681055"
  },
  {
    "email": "user18@1secmail.com",
    "wallet": "0xcbb725075a321d1d2aa244a2722f5b33d2c156df",
    "cookie": "session_galxe_18_683341"
  },
  {
    "email": "user19@1secmail.com",
    "wallet": "0x47689d8e280d072ea06f0386a65b5c724ee789ba",
    "cookie": "session_galxe_19_237735"
  },
  {
    "email": "user20@1secmail.com",
    "wallet": "0x495bc031345965b8df65774eb50c3a705f3eff30",
    "cookie": "session_galxe_20_602374"
  },
  {
    "email": "user21@1secmail.com",
    "wallet": "0x64e7a9167701b0ad7040057129e14104bbceaf77",
    "cookie": "session_galxe_21_277714"
  },
  {
    "email": "user22@1secmail.com",
    "wallet": "0xd0db1196b38914c38f8328006b54700584bea367",
    "cookie": "session_galxe_22_455281"
  },
  {
    "email": "user23@1secmail.com",
    "wallet": "0x91e1b135c8e9560596efaf44bede3b9af1e72a09",
    "cookie": "session_galxe_23_907833"
  },
  {
    "email": "user24@1secmail.com",
    "wallet": "0x3d67598b904165ed58f267e464fed3f9fa53804c",
    "cookie": "session_galxe_24_771341"
  },
  {
    "email": "user25@1secmail.com",
    "wallet": "0xad47abcdc8ba5d6e8b6000589e2a427286211591",
    "cookie": "session_galxe_25_543749"
  },
  {
    "email": "user26@1secmail.com",
    "wallet": "0x88834c772087c7d3b666cbcf6f90ab4e7bb09102",
    "cookie": "session_galxe_26_373596"
  },
  {
    "email": "user27@1secmail.com",
    "wallet": "0x2f705a3d97abde774cc3bdba25dc1f5b1c1787ad",
    "cookie": "session_galxe_27_167636"
  },
  {
    "email": "user28@1secmail.com",
    "wallet": "0xff65622e2abf3633b667b32d3df59c5ca4edd2aa",
    "cookie": "session_galxe_28_492061"
  },
  {
    "email": "user29@1secmail.com",
    "wallet": "0xf3b53e5c41e6a747b751bbb9801b3f5a08d0d8f6",
    "cookie": "session_galxe_29_787283"
  },
  {
    "email": "user30@1secmail.com",
    "wallet": "0xee88deb26f6167ff9242fb255377b5e051058cb9",
    "cookie": "session_galxe_30_607563"
  },
  {
    "email": "user31@1secmail.com",
    "wallet": "0xf33b3e58d5b0086ef707f7639e0503403ed9cc05",
    "cookie": "session_galxe_31_604204"
  },
  {
    "email": "user32@1secmail.com",
    "wallet": "0x80e32d2d1d3f6355a6f415a5d123b26408fe9ce1",
    "cookie": "session_galxe_32_114918"
  },
  {
    "email": "user33@1secmail.com",
    "wallet": "0x9bbe2ce28d9efef70215a93a3c5a2e1e73960a43",
    "cookie": "session_galxe_33_369716"
  },
  {
    "email": "user34@1secmail.com",
    "wallet": "0x3749ea3fd9ddd1ad0a7930a36898e121bd7d6612",
    "cookie": "session_galxe_34_264347"
  },
  {
    "email": "user35@1secmail.com",
    "wallet": "0x51b2d156a16ef9a3d8723bb0930c2b2a78feb3dc",
    "cookie": "session_galxe_35_189684"
  },
  {
    "email": "user36@1secmail.com",
    "wallet": "0x77b942580ab100eadafd5127a502ef5f40bc58d4",
    "cookie": "session_galxe_36_942017"
  },
  {
    "email": "user37@1secmail.com",
    "wallet": "0xdcc6f9a440c146288f63f4a5fb661ca3e064d24d",
    "cookie": "session_galxe_37_611348"
  },
  {
    "email": "user38@1secmail.com",
    "wallet": "0x36af5429622e3cb094f9c0f03977a7e796011d6e",
    "cookie": "session_galxe_38_803578"
  },
  {
    "email": "user39@1secmail.com",
    "wallet": "0x3e5fba4e89b1c26efae1caecbf9098a57abf832a",
    "cookie": "session_galxe_39_342783"
  },
  {
    "email": "user40@1secmail.com",
    "wallet": "0x40981c39ec9cd0526835e7b566f67e627b081279",
    "cookie": "session_galxe_40_162926"
  },
  {
    "email": "user41@1secmail.com",
    "wallet": "0x03fab423e424681832aa612274837719ac5ece9a",
    "cookie": "session_galxe_41_610112"
  },
  {
    "email": "user42@1secmail.com",
    "wallet": "0x74f57d85330a0ab3d61bf7e25092c5682d37c3f0",
    "cookie": "session_galxe_42_510379"
  },
  {
    "email": "user43@1secmail.com",
    "wallet": "0x0d19a48720ce9bea372b151f04deef049d2c4dee",
    "cookie": "session_galxe_43_657277"
  },
  {
    "email": "user44@1secmail.com",
    "wallet": "0xf5b701f7200186e38e66953144599a6c9e580f32",
    "cookie": "session_galxe_44_233764"
  },
  {
    "email": "user45@1secmail.com",
    "wallet": "0x22602feee95a100893bea6b221a63a0eb05fcc5f",
    "cookie": "session_galxe_45_886089"
  },
  {
    "email": "user46@1secmail.com",
    "wallet": "0xa495e2c2e3a2eee073600d8bd57d5ea7f52181ce",
    "cookie": "session_galxe_46_703659"
  },
  {
    "email": "user47@1secmail.com",
    "wallet": "0xa6ecd82887631650d1f40d5d49532591fae1a80d",
    "cookie": "session_galxe_47_697761"
  },
  {
    "email": "user48@1secmail.com",
    "wallet": "0x49d125fdf4d035345851077bb8cee9580e11e90e",
    "cookie": "session_galxe_48_443566"
  },
  {
    "email": "user49@1secmail.com",
    "wallet": "0xa577b28c5e479601dee06ba19b47529f1fd924d2",
    "cookie": "session_galxe_49_881113"
  },
  {
    "email": "user50@1secmail.com",
    "wallet": "0x96ff94d226fc5bbac0fefbedafcc7f957e0d7ff1",
    "cookie": "session_galxe_50_778268"
  },
  {
    "email": "user51@1secmail.com",
    "wallet": "0x7ad493225087587066a79a2e4d0a5a25f20f2464",
    "cookie": "session_galxe_51_606294"
  },
  {
    "email": "user52@1secmail.com",
    "wallet": "0x066bcc29426409afc1bdff6661bc5de7a9e554d0",
    "cookie": "session_galxe_52_158465"
  },
  {
    "email": "user53@1secmail.com",
    "wallet": "0x648af767f9194f68ae42356d698f04abe0126feb",
    "cookie": "session_galxe_53_242205"
  },
  {
    "email": "user54@1secmail.com",
    "wallet": "0xa503fb4cc8e2547abd8b813861582476ef81142c",
    "cookie": "session_galxe_54_140142"
  },
  {
    "email": "user55@1secmail.com",
    "wallet": "0x855d5ca376681ca3ffd2280ddaed19f16e796f8d",
    "cookie": "session_galxe_55_590507"
  },
  {
    "email": "user56@1secmail.com",
    "wallet": "0x2821807b8c381c09958ab040f08638d3e2090d44",
    "cookie": "session_galxe_56_110238"
  },
  {
    "email": "user57@1secmail.com",
    "wallet": "0xfd50de451b7c33cdbfc41ce1b203e4eda76010c2",
    "cookie": "session_galxe_57_588609"
  },
  {
    "email": "user58@1secmail.com",
    "wallet": "0x0b5553e19ea2669d225d414bc5866e630095536e",
    "cookie": "session_galxe_58_117892"
  },
  {
    "email": "user59@1secmail.com",
    "wallet": "0x6cbe07154ae4067fc3a9ee3f9078b72160cd8c25",
    "cookie": "session_galxe_59_837585"
  },
  {
    "email": "user60@1secmail.com",
    "wallet": "0x41ea67831dae5f9780a8f4c53a09cc153dae7ef2",
    "cookie": "session_galxe_60_330685"
  },
  {
    "email": "user61@1secmail.com",
    "wallet": "0xfaf21a992c9cf213f2e2746a3903a575638f189c",
    "cookie": "session_galxe_61_766013"
  },
  {
    "email": "user62@1secmail.com",
    "wallet": "0x14f686f0bcd1dd3dc8f9e724203f4b00e5b675d1",
    "cookie": "session_galxe_62_417561"
  },
  {
    "email": "user63@1secmail.com",
    "wallet": "0xc62e5fc18e5adc2c1127e559cd051234773e1b7a",
    "cookie": "session_galxe_63_490113"
  },
  {
    "email": "user64@1secmail.com",
    "wallet": "0xea989d6cebbc84bbad867b3f709b0f7615dcc7bd",
    "cookie": "session_galxe_64_408788"
  },
  {
    "email": "user65@1secmail.com",
    "wallet": "0x57d26fc051ddb958b012d531040a6e0546f41966",
    "cookie": "session_galxe_65_451258"
  },
  {
    "email": "user66@1secmail.com",
    "wallet": "0x7b49ebe9e701723b8a67650f477b2a6ff5d44472",
    "cookie": "session_galxe_66_259413"
  },
  {
    "email": "user67@1secmail.com",
    "wallet": "0x6b70d093e7c0f56aa21f7c4e3d49d2fbd1e99410",
    "cookie": "session_galxe_67_586449"
  },
  {
    "email": "user68@1secmail.com",
    "wallet": "0x6696c803211e2d27c24226596ff8e62159853133",
    "cookie": "session_galxe_68_210884"
  },
  {
    "email": "user69@1secmail.com",
    "wallet": "0x47db4033bbbdb6fba01422df221ae01de7dcfec8",
    "cookie": "session_galxe_69_394926"
  },
  {
    "email": "user70@1secmail.com",
    "wallet": "0x02ab4acc1708bcf54a6b2fd6030a542255dcbc69",
    "cookie": "session_galxe_70_828947"
  },
  {
    "email": "user71@1secmail.com",
    "wallet": "0x434bdd480251d2dff7fb52dceb8f6ec374bf4250",
    "cookie": "session_galxe_71_435450"
  },
  {
    "email": "user72@1secmail.com",
    "wallet": "0x9ff79d6f02c2789047520e378ecd8ccad7eef799",
    "cookie": "session_galxe_72_719942"
  },
  {
    "email": "user73@1secmail.com",
    "wallet": "0x80dbd98ef26b0c38198a06ec5e6725f1abfd339d",
    "cookie": "session_galxe_73_177167"
  },
  {
    "email": "user74@1secmail.com",
    "wallet": "0x824796af5129bc33a3838e5e93056a1305fedb51",
    "cookie": "session_galxe_74_702473"
  },
  {
    "email": "user75@1secmail.com",
    "wallet": "0xfb706d917074389ccb23a33b0490a37956a314fc",
    "cookie": "session_galxe_75_156414"
  },
  {
    "email": "user76@1secmail.com",
    "wallet": "0x785bde8408fa680a25393ea2a75acca5e21e4e3e",
    "cookie": "session_galxe_76_675236"
  },
  {
    "email": "user77@1secmail.com",
    "wallet": "0xeb161034f918f73513f717208851f9786e1b02d9",
    "cookie": "session_galxe_77_718840"
  },
  {
    "email": "user78@1secmail.com",
    "wallet": "0x911d1563912e38af19b737ee37a7c29c170a820c",
    "cookie": "session_galxe_78_842130"
  },
  {
    "email": "user79@1secmail.com",
    "wallet": "0xa1ce62da4b38809ceda9e8b2d52a57c253a16fa7",
    "cookie": "session_galxe_79_745719"
  },
  {
    "email": "user80@1secmail.com",
    "wallet": "0x007911a0255791d83e37c9b882c5572f64f3b405",
    "cookie": "session_galxe_80_984351"
  },
  {
    "email": "user81@1secmail.com",
    "wallet": "0x11abcf7add582e6c7abaa96ef30c0201d2897204",
    "cookie": "session_galxe_81_863504"
  },
  {
    "email": "user82@1secmail.com",
    "wallet": "0x2ae8b654b72aea65b7ed64fa541b1d749439cce7",
    "cookie": "session_galxe_82_715389"
  },
  {
    "email": "user83@1secmail.com",
    "wallet": "0x7a97ad54f49e896648205a805893cad5be6446f4",
    "cookie": "session_galxe_83_574227"
  },
  {
    "email": "user84@1secmail.com",
    "wallet": "0xbb3aab49003ce65cee50bcc6c3945456aeebf226",
    "cookie": "session_galxe_84_606488"
  },
  {
    "email": "user85@1secmail.com",
    "wallet": "0xd443d0ba67db1e7cb5ad753912fde48cca9ef1a8",
    "cookie": "session_galxe_85_939003"
  },
  {
    "email": "user86@1secmail.com",
    "wallet": "0x9cd0ed192afd085298d063f48228ce01659252ee",
    "cookie": "session_galxe_86_420685"
  },
  {
    "email": "user87@1secmail.com",
    "wallet": "0x89a447750ba32b94aaaf8b77b34b28cc97743346",
    "cookie": "session_galxe_87_395730"
  },
  {
    "email": "user88@1secmail.com",
    "wallet": "0x951d15a89a781e1172125a8158c526f29a336dd0",
    "cookie": "session_galxe_88_300940"
  },
  {
    "email": "user89@1secmail.com",
    "wallet": "0x71a6abafb948391c67b9c646eaa0513a60cecdd9",
    "cookie": "session_galxe_89_254389"
  },
  {
    "email": "user90@1secmail.com",
    "wallet": "0xab891a54df9af63eee4f92263f0250015a3cb588",
    "cookie": "session_galxe_90_610213"
  },
  {
    "email": "user91@1secmail.com",
    "wallet": "0xd99bbf94bfc2db0eb3a287f6adffaf7af4e5d6f0",
    "cookie": "session_galxe_91_867049"
  },
  {
    "email": "user92@1secmail.com",
    "wallet": "0x3351235dec0c437c35060de25a9c038a98a1e8c9",
    "cookie": "session_galxe_92_999501"
  },
  {
    "email": "user93@1secmail.com",
    "wallet": "0x8f8bccfa6f146518662f17b842e6eff2ed615200",
    "cookie": "session_galxe_93_118354"
  },
  {
    "email": "user94@1secmail.com",
    "wallet": "0xe1116b7e801a56d713a97a20fb176a8c2c2f3464",
    "cookie": "session_galxe_94_599486"
  },
  {
    "email": "user95@1secmail.com",
    "wallet": "0x36780b9ecb35b1ea301ba49a34b721d1b7403a0f",
    "cookie": "session_galxe_95_718401"
  },
  {
    "email": "user96@1secmail.com",
    "wallet": "0xd5376ec439f13196ccd3b07bd2e1f9b60614479d",
    "cookie": "session_galxe_96_418693"
  },
  {
    "email": "user97@1secmail.com",
    "wallet": "0x14cf096e4e743a5c2573febe5725b435f06f144c",
    "cookie": "session_galxe_97_974629"
  },
  {
    "email": "user98@1secmail.com",
    "wallet": "0x626593c0196e1a9f02da46e0e16962dd9d89706e",
    "cookie": "session_galxe_98_143617"
  },
  {
    "email": "user99@1secmail.com",
    "wallet": "0x8a10138a9d312c1aeed601bbdf292580fba7e861",
    "cookie": "session_galxe_99_826563"
  },
  {
    "email": "user100@1secmail.com",
    "wallet": "0xe6f1df07243811a5e74cb661bda81cdc10916430",
    "cookie": "session_galxe_100_951975"
  },
  {
    "email": "user101@1secmail.com",
    "wallet": "0x12fab3479dc0bade9ba8b40ebbc896004a51b645",
    "cookie": "session_galxe_101_562470"
  },
  {
    "email": "user102@1secmail.com",
    "wallet": "0x568e9543938c12dd17f476e2482bfbc08f88d1e3",
    "cookie": "session_galxe_102_752725"
  },
  {
    "email": "user103@1secmail.com",
    "wallet": "0xf958ec9d939155c038d268f652479517d4fd4388",
    "cookie": "session_galxe_103_525523"
  },
  {
    "email": "user104@1secmail.com",
    "wallet": "0x30959883d1570525bce41c43e693b654ec228224",
    "cookie": "session_galxe_104_812191"
  },
  {
    "email": "user105@1secmail.com",
    "wallet": "0xb5a5a6e93966d0b7182f07c424e3747c39561b1c",
    "cookie": "session_galxe_105_653036"
  },
  {
    "email": "user106@1secmail.com",
    "wallet": "0xccb47bcb4d0d406bdba426d4e70c7df624a4c2e9",
    "cookie": "session_galxe_106_496174"
  },
  {
    "email": "user107@1secmail.com",
    "wallet": "0xe1175c847d09911db811c41e602da315576cab12",
    "cookie": "session_galxe_107_270378"
  },
  {
    "email": "user108@1secmail.com",
    "wallet": "0xdbef28dc5a089d4ea32eba57d69aae1246b529a8",
    "cookie": "session_galxe_108_436557"
  },
  {
    "email": "user109@1secmail.com",
    "wallet": "0xcdf13f6af219f326ac025b86f1645f1f27c190d9",
    "cookie": "session_galxe_109_933070"
  },
  {
    "email": "user110@1secmail.com",
    "wallet": "0x8890c81ef222cb94e4f5092d970d4e4b630b0c5b",
    "cookie": "session_galxe_110_737168"
  },
  {
    "email": "user111@1secmail.com",
    "wallet": "0x404f6bae266e79822d439e291fc7305b13f42893",
    "cookie": "session_galxe_111_166571"
  },
  {
    "email": "user112@1secmail.com",
    "wallet": "0x962598e96d6cb69140eb0ee256a507a8d12d11dc",
    "cookie": "session_galxe_112_151342"
  },
  {
    "email": "user113@1secmail.com",
    "wallet": "0x83dee83dda8d737961a7207b4550d490bd4c43c2",
    "cookie": "session_galxe_113_847997"
  },
  {
    "email": "user114@1secmail.com",
    "wallet": "0xc8a58b1d9957f0c146ef5295f125eb7e942da150",
    "cookie": "session_galxe_114_662513"
  },
  {
    "email": "user115@1secmail.com",
    "wallet": "0xeff448d81b26941f9401d651a72263b2c90be017",
    "cookie": "session_galxe_115_782656"
  },
  {
    "email": "user116@1secmail.com",
    "wallet": "0xb44b3e6e678ca08fddcd3ee80ad0dae828a280c9",
    "cookie": "session_galxe_116_734893"
  },
  {
    "email": "user117@1secmail.com",
    "wallet": "0x53759335f8b97b2c0a5004a68399bc4eee50886a",
    "cookie": "session_galxe_117_695543"
  },
  {
    "email": "user118@1secmail.com",
    "wallet": "0xa65380ec949124d840c7d45cc5e131ca87a24e30",
    "cookie": "session_galxe_118_328395"
  },
  {
    "email": "user119@1secmail.com",
    "wallet": "0x3bed7f56ad238c93520c0f8f6ce2b76984bbfea3",
    "cookie": "session_galxe_119_335501"
  },
  {
    "email": "user120@1secmail.com",
    "wallet": "0x06c385559ccd1ad559d38776d264d4cc7890869a",
    "cookie": "session_galxe_120_303154"
  },
  {
    "email": "user121@1secmail.com",
    "wallet": "0x904a6be6f258272d44842ae1b9af47f4332c02dd",
    "cookie": "session_galxe_121_993131"
  },
  {
    "email": "user122@1secmail.com",
    "wallet": "0xf05dc0bf4895bb782801c160fe8de495b273f1d7",
    "cookie": "session_galxe_122_637321"
  },
  {
    "email": "user123@1secmail.com",
    "wallet": "0x8a2d81cea413c94e23372154c04022ea749b9c02",
    "cookie": "session_galxe_123_905462"
  },
  {
    "email": "user124@1secmail.com",
    "wallet": "0x615566fbf117d42c71095f3de59e06b5fedd6ee5",
    "cookie": "session_galxe_124_969642"
  },
  {
    "email": "user125@1secmail.com",
    "wallet": "0xb4570f2818d9662538a3b12358f500365654c983",
    "cookie": "session_galxe_125_311196"
  },
  {
    "email": "user126@1secmail.com",
    "wallet": "0x00f52e42ade2c3ae34732d2da8972851a1ae95a7",
    "cookie": "session_galxe_126_909668"
  },
  {
    "email": "user127@1secmail.com",
    "wallet": "0xb15443ae53b11f894cbf96d5f3c515480ad29272",
    "cookie": "session_galxe_127_924553"
  },
  {
    "email": "user128@1secmail.com",
    "wallet": "0x413463f8efb80bdae10fb096f3a9c022266368b7",
    "cookie": "session_galxe_128_111797"
  },
  {
    "email": "user129@1secmail.com",
    "wallet": "0x289a2dd691a7a076dc9ee03b9d68d8cd01ee0d39",
    "cookie": "session_galxe_129_290753"
  },
  {
    "email": "user130@1secmail.com",
    "wallet": "0x707697332c34d6195dc8c4170e7e0fa323243963",
    "cookie": "session_galxe_130_225495"
  },
  {
    "email": "user131@1secmail.com",
    "wallet": "0x80c03d81ff4b1c64b54e801f12d72dae3c992e11",
    "cookie": "session_galxe_131_254760"
  },
  {
    "email": "user132@1secmail.com",
    "wallet": "0x24a94196a31c2a73acb4916469a085f74334b056",
    "cookie": "session_galxe_132_897915"
  },
  {
    "email": "user133@1secmail.com",
    "wallet": "0x6e952ad6ddf54cb58ae96f6aa0e27c876fb7edaa",
    "cookie": "session_galxe_133_898764"
  },
  {
    "email": "user134@1secmail.com",
    "wallet": "0xa86438a3a26bbd2174907bfc545407bfa5b7845d",
    "cookie": "session_galxe_134_237742"
  },
  {
    "email": "user135@1secmail.com",
    "wallet": "0x9655214853ab84b89f811e23a746d4f8375aab62",
    "cookie": "session_galxe_135_258150"
  },
  {
    "email": "user136@1secmail.com",
    "wallet": "0x0ef4d5d8dee36a383ff85f4c0a3dd6e0ae18f5fb",
    "cookie": "session_galxe_136_757729"
  },
  {
    "email": "user137@1secmail.com",
    "wallet": "0xbe89d525887bc96e6a2caa49545ccb17196d3448",
    "cookie": "session_galxe_137_450837"
  },
  {
    "email": "user138@1secmail.com",
    "wallet": "0x5b5fa52dab9ed59886510ff8b692469d45a32e03",
    "cookie": "session_galxe_138_510104"
  },
  {
    "email": "user139@1secmail.com",
    "wallet": "0xb0833a84a8cb3f8a7e286ad1f9b0cd93b464c3ff",
    "cookie": "session_galxe_139_933105"
  },
  {
    "email": "user140@1secmail.com",
    "wallet": "0xd4089ac833b27ddaf187bdf11acac700beda590e",
    "cookie": "session_galxe_140_901620"
  },
  {
    "email": "user141@1secmail.com",
    "wallet": "0xee45d8bdc39872e71e8daf36e6c02ccb67fd5c70",
    "cookie": "session_galxe_141_461676"
  },
  {
    "email": "user142@1secmail.com",
    "wallet": "0x43289c6e40da45168f91b3ebb122f37bdf3c9bfa",
    "cookie": "session_galxe_142_182124"
  },
  {
    "email": "user143@1secmail.com",
    "wallet": "0x7898f0e4f75010b47bd7d528409629fa0ca6c9d6",
    "cookie": "session_galxe_143_537236"
  },
  {
    "email": "user144@1secmail.com",
    "wallet": "0xec6c952a05c6f4edc126723db400e229164a00c0",
    "cookie": "session_galxe_144_307455"
  },
  {
    "email": "user145@1secmail.com",
    "wallet": "0xb44a956b0fc85a6a4bf96266f6f7a25751c6a894",
    "cookie": "session_galxe_145_411334"
  },
  {
    "email": "user146@1secmail.com",
    "wallet": "0x8364dcb7403657afe99acd68af0632eda6aaa402",
    "cookie": "session_galxe_146_843018"
  },
  {
    "email": "user147@1secmail.com",
    "wallet": "0x28b8ba604c1d9b2550e640a31a810b03c8724ec7",
    "cookie": "session_galxe_147_241498"
  },
  {
    "email": "user148@1secmail.com",
    "wallet": "0x17f4492a60772702c517be5fa49bb3773bcf4a54",
    "cookie": "session_galxe_148_321157"
  },
  {
    "email": "user149@1secmail.com",
    "wallet": "0x836dd76aaef596990554d213be534f74b48fd984",
    "cookie": "session_galxe_149_140246"
  },
  {
    "email": "user150@1secmail.com",
    "wallet": "0x36c4b94b4f2a28e609fe122dc5a8b5f40d34b2fa",
    "cookie": "session_galxe_150_523036"
  },
  {
    "email": "user151@1secmail.com",
    "wallet": "0xb1a86dd36f7bc10b815fa1342a148700de956659",
    "cookie": "session_galxe_151_338715"
  },
  {
    "email": "user152@1secmail.com",
    "wallet": "0x93d3171f9573259969ff3c6b27abcfb8c94876e9",
    "cookie": "session_galxe_152_336981"
  },
  {
    "email": "user153@1secmail.com",
    "wallet": "0x9857dc902c7e8e0a9890f7efdc19def980e0b840",
    "cookie": "session_galxe_153_821231"
  },
  {
    "email": "user154@1secmail.com",
    "wallet": "0xfe17721261ca9f81646e77595a094483eff18095",
    "cookie": "session_galxe_154_298391"
  },
  {
    "email": "user155@1secmail.com",
    "wallet": "0x00689700b18978e5bddda44edf90298cf4b7d28d",
    "cookie": "session_galxe_155_901341"
  },
  {
    "email": "user156@1secmail.com",
    "wallet": "0x5cf983b7a1b4a8ffc6bf7b4026df3caef4cf9c6f",
    "cookie": "session_galxe_156_767542"
  },
  {
    "email": "user157@1secmail.com",
    "wallet": "0xd1f009c6cbc21c41ee5510e9a58cd99c64bfdfba",
    "cookie": "session_galxe_157_488818"
  },
  {
    "email": "user158@1secmail.com",
    "wallet": "0xea7304581af3818b68feeada54f81a04d3da5d8e",
    "cookie": "session_galxe_158_935258"
  },
  {
    "email": "user159@1secmail.com",
    "wallet": "0xa3739a660340dfdb7be2aea0594cc676d2ace6c1",
    "cookie": "session_galxe_159_571719"
  },
  {
    "email": "user160@1secmail.com",
    "wallet": "0x936b2f31cb3691a6d129984b234812180a703629",
    "cookie": "session_galxe_160_201048"
  },
  {
    "email": "user161@1secmail.com",
    "wallet": "0x8faf5091289ef91988fea7d8f488f57c83c8894a",
    "cookie": "session_galxe_161_838861"
  },
  {
    "email": "user162@1secmail.com",
    "wallet": "0x86f8ea294bae990deb21e181b81ba8cb672ad18c",
    "cookie": "session_galxe_162_697421"
  },
  {
    "email": "user163@1secmail.com",
    "wallet": "0x0ced710aed366a2344e74720758ad9889d3ca2ad",
    "cookie": "session_galxe_163_338819"
  },
  {
    "email": "user164@1secmail.com",
    "wallet": "0xe4e7a3a063f186e18fbac2b386affce9c6741809",
    "cookie": "session_galxe_164_856732"
  },
  {
    "email": "user165@1secmail.com",
    "wallet": "0x56c3de682e1cdb21b71142726cb3d1e8aeba0b82",
    "cookie": "session_galxe_165_382863"
  },
  {
    "email": "user166@1secmail.com",
    "wallet": "0x6124666a30974be4535a74e266368a15d35b8e07",
    "cookie": "session_galxe_166_505313"
  },
  {
    "email": "user167@1secmail.com",
    "wallet": "0xe3121758931f1251c792e42146cb5a7dd5a58cdb",
    "cookie": "session_galxe_167_808393"
  },
  {
    "email": "user168@1secmail.com",
    "wallet": "0x701c39bd4e5f23864d3a79db046bdc233622c07c",
    "cookie": "session_galxe_168_557946"
  },
  {
    "email": "user169@1secmail.com",
    "wallet": "0x3ec00142e54d7f50bb4acbff6c86f4690fb144c5",
    "cookie": "session_galxe_169_680827"
  },
  {
    "email": "user170@1secmail.com",
    "wallet": "0x4ebbd344487c032881054b4cd812d53683c64e06",
    "cookie": "session_galxe_170_723852"
  },
  {
    "email": "user171@1secmail.com",
    "wallet": "0x71413ad5d86f5b0e5e9d740c0a552e3d3da214bc",
    "cookie": "session_galxe_171_924949"
  },
  {
    "email": "user172@1secmail.com",
    "wallet": "0x358fc62910ddfb55b319445baafdd6e07a2bdaf6",
    "cookie": "session_galxe_172_623553"
  },
  {
    "email": "user173@1secmail.com",
    "wallet": "0x920f5de5942ec9902b5190c25a1e15e88d7625c8",
    "cookie": "session_galxe_173_851605"
  },
  {
    "email": "user174@1secmail.com",
    "wallet": "0x6204b6c5f14547540890094d78a4608256261b9f",
    "cookie": "session_galxe_174_623727"
  },
  {
    "email": "user175@1secmail.com",
    "wallet": "0x74e8099a5eda5f955eee56b6133b711a9141922e",
    "cookie": "session_galxe_175_296485"
  },
  {
    "email": "user176@1secmail.com",
    "wallet": "0x05628c7901ee7fec512fd8ab69d2a72bef45276f",
    "cookie": "session_galxe_176_358381"
  },
  {
    "email": "user177@1secmail.com",
    "wallet": "0x4ae365093d4cb3aed8b341e1aa45e6e3f8a928b4",
    "cookie": "session_galxe_177_598818"
  },
  {
    "email": "user178@1secmail.com",
    "wallet": "0x77bdd2c5805294fcc206fa3f83bd96373d4b2283",
    "cookie": "session_galxe_178_788723"
  },
  {
    "email": "user179@1secmail.com",
    "wallet": "0xc89e72c7382d903ca0bd1579563386f6498395e7",
    "cookie": "session_galxe_179_958167"
  },
  {
    "email": "user180@1secmail.com",
    "wallet": "0x7fd9f87f6a82ec605a5f846a8cc8b7d292032bc5",
    "cookie": "session_galxe_180_395942"
  },
  {
    "email": "user181@1secmail.com",
    "wallet": "0x54b7b8315421fa78ab53f0732f82ab0d64c85880",
    "cookie": "session_galxe_181_962350"
  },
  {
    "email": "user182@1secmail.com",
    "wallet": "0xe87413dd9055a2646315fb5fa414ca24919a841f",
    "cookie": "session_galxe_182_578191"
  },
  {
    "email": "user183@1secmail.com",
    "wallet": "0x5034bc3008d995e43048fd694b851743781b3f1c",
    "cookie": "session_galxe_183_950150"
  },
  {
    "email": "user184@1secmail.com",
    "wallet": "0x91477d48e6aad4d433dfa926e0fc003fd7276f52",
    "cookie": "session_galxe_184_532967"
  },
  {
    "email": "user185@1secmail.com",
    "wallet": "0x79b3f808e537aefc82d843c03249c6aa003ce355",
    "cookie": "session_galxe_185_905142"
  },
  {
    "email": "user186@1secmail.com",
    "wallet": "0xc760192639656f85b57cc6d4adba852431df9389",
    "cookie": "session_galxe_186_998130"
  },
  {
    "email": "user187@1secmail.com",
    "wallet": "0xe94e82631100713bfd22cc6e1a9b4e1afebb60d3",
    "cookie": "session_galxe_187_311211"
  },
  {
    "email": "user188@1secmail.com",
    "wallet": "0x33f1b77ded0b84fbdc58ea5445f86f75c4f08a5a",
    "cookie": "session_galxe_188_681411"
  },
  {
    "email": "user189@1secmail.com",
    "wallet": "0x0287e390853e66635af8b3a645ec9c8ced2d5131",
    "cookie": "session_galxe_189_952487"
  },
  {
    "email": "user190@1secmail.com",
    "wallet": "0xf99506292dfdcf3f37876db3044c54d1379a1335",
    "cookie": "session_galxe_190_261190"
  },
  {
    "email": "user191@1secmail.com",
    "wallet": "0x73ded83e8cb7e3374ca4e4d065d470b95cff107f",
    "cookie": "session_galxe_191_301966"
  },
  {
    "email": "user192@1secmail.com",
    "wallet": "0x86ae6ecbde5e09e270f14ef298da285aa6b17f47",
    "cookie": "session_galxe_192_525736"
  },
  {
    "email": "user193@1secmail.com",
    "wallet": "0xe527afc57c817f78faf5032380841e5e91e82d59",
    "cookie": "session_galxe_193_111658"
  },
  {
    "email": "user194@1secmail.com",
    "wallet": "0xc022154d546afc798be993d10ad08a9e931cbc3b",
    "cookie": "session_galxe_194_587290"
  },
  {
    "email": "user195@1secmail.com",
    "wallet": "0x48b5037fe0b1fabe0118e97c7460ab1d899a92eb",
    "cookie": "session_galxe_195_633603"
  },
  {
    "email": "user196@1secmail.com",
    "wallet": "0x99ccaa1260ad18e10032f77f0f81ab9679f48e0f",
    "cookie": "session_galxe_196_803446"
  },
  {
    "email": "user197@1secmail.com",
    "wallet": "0xd281ef8a9874c9fbb92c80802bb6fa0060b198f8",
    "cookie": "session_galxe_197_780006"
  },
  {
    "email": "user198@1secmail.com",
    "wallet": "0x1e0f9d2caa6e817eaf690250edb6a18c09fb9c2a",
    "cookie": "session_galxe_198_559815"
  },
  {
    "email": "user199@1secmail.com",
    "wallet": "0x465f6422b3bd76330be4b3dcc8a9c289bca821f9",
    "cookie": "session_galxe_199_401057"
  },
  {
    "email": "user200@1secmail.com",
    "wallet": "0x2dd37b7703826fb44d12c13a65bade610213d48a",
    "cookie": "session_galxe_200_860308"
  },
  {
    "email": "user201@1secmail.com",
    "wallet": "0xa0177e1aced46cd5820043f348cb7b9ae7220fb7",
    "cookie": "session_galxe_201_921683"
  },
  {
    "email": "user202@1secmail.com",
    "wallet": "0xc90a52f1264d9a6fe43f162ea2a994edef48bf86",
    "cookie": "session_galxe_202_736561"
  },
  {
    "email": "user203@1secmail.com",
    "wallet": "0xea5735bc3f49a9586b167729cc1bd32f9ba7f4b2",
    "cookie": "session_galxe_203_786101"
  },
  {
    "email": "user204@1secmail.com",
    "wallet": "0x96184951b4f4df4c3b6fda74cab30e7140cc7a17",
    "cookie": "session_galxe_204_554935"
  },
  {
    "email": "user205@1secmail.com",
    "wallet": "0xc19df18fda296b4c6b3284b23eba85da73d33f70",
    "cookie": "session_galxe_205_739286"
  },
  {
    "email": "user206@1secmail.com",
    "wallet": "0x8eaac856a10682acd9663ce1bd8353be18699c51",
    "cookie": "session_galxe_206_610662"
  },
  {
    "email": "user207@1secmail.com",
    "wallet": "0x0d53b6021e43844f434fe2bd1251687865aa156e",
    "cookie": "session_galxe_207_327764"
  },
  {
    "email": "user208@1secmail.com",
    "wallet": "0x3dccfc529559af8979365e1bf222e91fb9794119",
    "cookie": "session_galxe_208_366825"
  },
  {
    "email": "user209@1secmail.com",
    "wallet": "0x10360b0cde0418cce74fd94b7519305dc764f41a",
    "cookie": "session_galxe_209_900198"
  },
  {
    "email": "user210@1secmail.com",
    "wallet": "0x37cf330c71be6fbb468cd38ac027fd7d444b5648",
    "cookie": "session_galxe_210_115281"
  },
  {
    "email": "user211@1secmail.com",
    "wallet": "0x1e0f3f8abca9ab76a25881a97d03ee931d59dd19",
    "cookie": "session_galxe_211_948869"
  },
  {
    "email": "user212@1secmail.com",
    "wallet": "0xe3abaeb7edb10f3ab9e6702beab4d54b09df4862",
    "cookie": "session_galxe_212_508019"
  },
  {
    "email": "user213@1secmail.com",
    "wallet": "0x948b7866e02a4a050d8f786582e9fdceff4e9c4f",
    "cookie": "session_galxe_213_398035"
  },
  {
    "email": "user214@1secmail.com",
    "wallet": "0x273e66fa1d373fc9eeb84c23b34784070e9a303b",
    "cookie": "session_galxe_214_221246"
  },
  {
    "email": "user215@1secmail.com",
    "wallet": "0x7a48173130fde5b97c2290e083984b51a793d7b4",
    "cookie": "session_galxe_215_181097"
  },
  {
    "email": "user216@1secmail.com",
    "wallet": "0xc877be847a9065930648e7890d7cdf4cb7165622",
    "cookie": "session_galxe_216_524691"
  },
  {
    "email": "user217@1secmail.com",
    "wallet": "0x4f17f231dc7766aabd56088fab0e3441e281429f",
    "cookie": "session_galxe_217_721536"
  },
  {
    "email": "user218@1secmail.com",
    "wallet": "0x6c98dc58c4b2b9364173534e9c643e17c1129fe9",
    "cookie": "session_galxe_218_762999"
  },
  {
    "email": "user219@1secmail.com",
    "wallet": "0xbd11602c78ae8fcbd8f14c81ef8350152058d79d",
    "cookie": "session_galxe_219_884811"
  },
  {
    "email": "user220@1secmail.com",
    "wallet": "0xcfa7918553931dc1d2e9386d84a9b3af616a570d",
    "cookie": "session_galxe_220_910376"
  },
  {
    "email": "user221@1secmail.com",
    "wallet": "0x7748cddef2b6eb60aafbd9897a775579dc4c234e",
    "cookie": "session_galxe_221_755186"
  },
  {
    "email": "user222@1secmail.com",
    "wallet": "0x0b2e666057fb15e516946ef8e3cf445be4217577",
    "cookie": "session_galxe_222_692459"
  },
  {
    "email": "user223@1secmail.com",
    "wallet": "0xf47b8af7f43bb02b1614b91a5a52faf12d8e1d57",
    "cookie": "session_galxe_223_984405"
  },
  {
    "email": "user224@1secmail.com",
    "wallet": "0xbcd659b18658f3024df4c60143e0a8533db870a3",
    "cookie": "session_galxe_224_251514"
  },
  {
    "email": "user225@1secmail.com",
    "wallet": "0x7b80c53800a85302230e36cc095192e34e34317b",
    "cookie": "session_galxe_225_584767"
  },
  {
    "email": "user226@1secmail.com",
    "wallet": "0x12f67f91567346bf06b16e27dc43de0a5f2a368d",
    "cookie": "session_galxe_226_297130"
  },
  {
    "email": "user227@1secmail.com",
    "wallet": "0x9a0f374612b8efdf8ce9cf67ac89c198eb570a28",
    "cookie": "session_galxe_227_253655"
  },
  {
    "email": "user228@1secmail.com",
    "wallet": "0x8d458bf84b339624fa3ba6563486d595461b4755",
    "cookie": "session_galxe_228_143323"
  },
  {
    "email": "user229@1secmail.com",
    "wallet": "0x1cf07055aa44507a85e8aef97e14a43f00c0e4c7",
    "cookie": "session_galxe_229_336511"
  },
  {
    "email": "user230@1secmail.com",
    "wallet": "0x7bfcccb434ebd9a03fbe72490dc2e021ecf076a8",
    "cookie": "session_galxe_230_909084"
  },
  {
    "email": "user231@1secmail.com",
    "wallet": "0x9e0f8cb8efa4c2fea4b387e126a7f52b0a9f80f1",
    "cookie": "session_galxe_231_535783"
  },
  {
    "email": "user232@1secmail.com",
    "wallet": "0xc42e1e277bb506d038cee00f09ba61196db042d4",
    "cookie": "session_galxe_232_639338"
  },
  {
    "email": "user233@1secmail.com",
    "wallet": "0x01604c4746b352feaeb25f824a5210b6433d8328",
    "cookie": "session_galxe_233_641951"
  },
  {
    "email": "user234@1secmail.com",
    "wallet": "0x76e8f93ac3bf4d55bd3505a1c4c5ee08b610273f",
    "cookie": "session_galxe_234_661092"
  },
  {
    "email": "user235@1secmail.com",
    "wallet": "0x77947c8a08da1807699e4f4fb734cabd9b2e9cac",
    "cookie": "session_galxe_235_642122"
  },
  {
    "email": "user236@1secmail.com",
    "wallet": "0x0dac0ed8b1bd16f33dbf441d6be3e3ded5c99019",
    "cookie": "session_galxe_236_564346"
  },
  {
    "email": "user237@1secmail.com",
    "wallet": "0x6dfaaf5f52da93e7316156fd07f85f571ce5afb5",
    "cookie": "session_galxe_237_213109"
  },
  {
    "email": "user238@1secmail.com",
    "wallet": "0xf2774ca49fe3c606975654b6567f7c68569ba507",
    "cookie": "session_galxe_238_694873"
  },
  {
    "email": "user239@1secmail.com",
    "wallet": "0x2cb7dfb0a8420abed22cb506eace69a9da12187b",
    "cookie": "session_galxe_239_214399"
  },
  {
    "email": "user240@1secmail.com",
    "wallet": "0x56b7c11e8685b9c3390cf865201b060bb5c1718e",
    "cookie": "session_galxe_240_573422"
  },
  {
    "email": "user241@1secmail.com",
    "wallet": "0xbf7e576d645e2daf2bf9ac65597bafbdc647fd31",
    "cookie": "session_galxe_241_125832"
  },
  {
    "email": "user242@1secmail.com",
    "wallet": "0xcdece6d95cb5b38aec8d222b823f77db04f2665e",
    "cookie": "session_galxe_242_636367"
  },
  {
    "email": "user243@1secmail.com",
    "wallet": "0x86ba79fefc282ce7dd625019b938c41febbc69b1",
    "cookie": "session_galxe_243_242159"
  },
  {
    "email": "user244@1secmail.com",
    "wallet": "0x7255815c2113a9fb8ccef3f17af1fc58b48c22d5",
    "cookie": "session_galxe_244_150923"
  },
  {
    "email": "user245@1secmail.com",
    "wallet": "0x91080aecdcb5e352f23d5652ac12dc443b045e60",
    "cookie": "session_galxe_245_610455"
  },
  {
    "email": "user246@1secmail.com",
    "wallet": "0xf24a18058434b7ace3e2e120355f1d7c9ea5ddf1",
    "cookie": "session_galxe_246_629811"
  },
  {
    "email": "user247@1secmail.com",
    "wallet": "0x0b90637d6ea6c6f62f0256ef21a03dcd20128dc6",
    "cookie": "session_galxe_247_530146"
  },
  {
    "email": "user248@1secmail.com",
    "wallet": "0x787279d41a60f79c823fb4e7db69cc78c81d5b4d",
    "cookie": "session_galxe_248_957110"
  },
  {
    "email": "user249@1secmail.com",
    "wallet": "0xc674a60b9e7ca158c99fcdca4807528b9c612b4d",
    "cookie": "session_galxe_249_471971"
  }
]